00XH598-RP-HU,14
01YP052-RP-EE,3
01YP169,19
01YP210,4
01YP869,7
01YP937,1
1Y4D0AA#UUW,1
3YJ-00004,26
3YJ-00008,50
3YJ-00010,29
4X30M86910,1
4X30M86912,50
4Y40X49502,11
5KM0U87596,1
5M10V17050,4
5M10V17056,1
5M10Z27520,1
5M10Z27527,8
5M10Z27554,7
5M10Z37093,4
5M10Z37158,1
5M10Z39621,1
5M10Z39741,1
5M10Z41343,4
5M10Z41349,1
"5M10Z41369-RP-ENG US",14
5M10Z41375,2
5M10Z41404,2
5M10Z41415,1
5M10Z41472,8
5M10Z54250,1
5M10Z54292,2
5M10Z54296,5
5M11A37072,7
5M11A37170,2
5M11A37252,9
5M11A37275,3
5M11A37281,1
5M11A37287,4
5M11A37373,14
5M11A37381,1
5M11A37445,1
5M11A37475,9
5M11A37511,1
5M11A37568,3
5M11A37578,10
5M11A37583,11
5M11A37593,10
5M11A37593-RP-CZ,1
5M11A37597,6
5M11A37641,1
5M11A37686,1
5M11A37707,46
5M11A37720,7
5M11A37741,9
5M11A37781,8
5M11A37792,9
5M11C18604,3
5M11C18609,1
5M11C18616,3
5M11C18630,1
5M11C18636,1
5M11C18641,3
5M11C18667,1
5M11C18673,1
5M11C18677,3
5M11C18678,12
5M11C18691,1
5M11C41010,1
5M11C53233,7
5M11C53238,9
5M11C53265,2
5M11C53273,3
5M11C53274,3
5M11C53276,21
5M11C53287-RP,3
5M11C53293,11
5M11C53298,2
5M11C53310,5
5M11C53345,13
5M11C53346,9
5M11C53348,50
5M11C53354,3
5M11C53358,2
5M11C53364,2
5M11C53365,4
5M11D11976,4
5M11D12013,1
5M11D12022,5
5M11D12044,3
5M11D12059,1
5M11D12067,1
5M11D12079,1
5M11D12090,3
5M11D12170,2
5M11F25304,1
5M11G26944,2
5M11G27232,4
5M11H25854,7
5M11H25893,23
5M11H25905,9
5M11H25907,9
5M11H25909,3
5M11H25936,10
5M11H25952,5
5M11H25992,24
5M11H26016,1
5M11H26018,3
5M11H26033,3
5M11H26039,4
5M11H26073,1
5M11H26073-R,2
5M11H44143,1
5M11H44146,1
5M11H44149,1
5M11H44182,2
5M11H44200,4
5M11H44209,2
5M11H44236,8
5M11H44253,1
5M11H44259,7
5M11H44270,21
5M11H44278,2
5M11H44346,1
5M11H44355,14
5M11H44365,12
5M11H44367,7
5M11H44420,3
5M11H45772,3
5M11H45785,2
5M11H45786,1
5M11H62394,4
5M11H62628,1
5M11H62670,1
5M11H62741,1
5M11H62772,5
5M11H62774,9
5M11H62850,1
5M11H62852,4
5M11H62865,1
5M11H94394,1
5M11H94493,11
5M11H94498,9
5M11H94507,7
5M11H94508,2
5M11H94543,6
5M11K07692,33
5M11K07693,2
5M11K07695,1
5M11K07698,37
5M11L59481,3
5M11L59525,2
5M11L59525-ES-RP,2
5M11L59528,24
5M11L59545,1
5M11L59549,1
5M11L59569,10
5N20V43011,2
5N20V43012,10
5N20V43025,4
5N20V43041,10
5N20V43043,50
5N20V43047,2
5N20V43048,4
5N20V43062,50
5N20V43065,3
5N20V43151,6
5N20V43156,4
5N20V43169,17
5N20V43188,1
5N20V43191,50
5N20V43192,3
5N20V43203,2
5N20V43205,50
5N20V43300,3
5N20V43303,2
5N20V43313,23
5N20V43326,1
5N20V43344,34
5N20V43350,2
5N20V43352,1
5N20V43483,5
5N20V43638,45
5N20V43724,2
5N20V43734,1
5N20V43749,1
5N20V43760,50
5N20V43771,1
5N20V43771-RP,2
5N20V43776,3
5N20V43782,6
5N20V43785,5
5N20V43893,50
5N20V43894,1
5N20V43904,3
5N20V43915,2
5N20V43926,19
5N20V43928,10
5N20V43929,50
5N20V44016,2
5N20V44028,3
5N20V44048,13
5N20V44051,1
5N20V44058,8
5N20V44058-RP-HU,8
5N20V44059,16
5N20V44066,1
5N20V44069,1
5N20V44070,12
5N20V44073,50
5N20V44082-RP,50
5N20V44083,1
5N20V44156,1
5N20V44178,2
5N20V44192,35
5N20V44201,1
5N20V44202,6
5N20V44204,1
5N20V44208,4
5N20V44216,7
5N20V77980,1
5N20V77999,4
5N20V78008,3
5N20V78010,1
5N20V78013,4
5N20V78018,1
5N20V78023,46
5N20V78024,2
5N20V78032,1
5N20V78059,1
5N20V78119,1
5N20V78130,1
5N20V78133,6
5N20V78133-1,1
5N20V78168,1
5N20V78917-RP-NORDIC,50
5N20V78918,1
5N20V78919,18
5N20V78923,2
5N20V78925,9
5N20V78929,4
5N20V78931,50
5N20V78932,6
5N20V78942,39
5N20W67661,50
5N20W67669,3
5N20W67698,1
5N20W67699,1
5N20W67733,50
5N20W67758-RP,32
5N20W67769,50
5N20W67770,1
5N20W67770-RP-HU,50
5N20W67771,50
5N20W67778,50
5N20W67780,3
5N20W67796,1
5N20W67805,50
5N20W67828,5
5N20W67841,50
5N20W67841-RP-SK/CZ,29
5N20W68119,4
5N20W68120,2
5N20W68127,3
5N20W68129,1
5N20W68156,50
5N20W68170,3
5N20W68187,1
5N20W68190,3
5N20W68191,1
5N20W68192,9
5N20W68206,5
5N20W68217,1
5N20W68227,50
5N20W68227-RP-CH,1
5N20W68228,50
5N20W68231,6
5N20W68235,1
5N20W68237,6
5N20W68239,4
5N20W68241,31
5N20W68242,50
5N20W68259,15
5N20W68260,1
5N20W68263,50
5N20W68264,50
5N20W68267,35
5N20W68277,27
5N20W68278,50
5N20W68288,1
5N20W68298,50
5N20W68298-CZ,17
5N20W68299,50
5N20W68300,40
5N20W68313,10
5N20W68314,1
5N20X22782,4
5N20X22796,2
5N20X22819,3
5N20X22830,2
5N20X22886,1
5N20X22890,6
5N20X22905,35
5N20X22914-RP,19
5N20X22927,23
5N20X22927-RP,1
5N20X22927-RP-HU,1
5N20X22930-RP-SK,2
5N20X22931,2
5N20X22932,4
5N20X22950,6
5N20Z74795,50
5N20Z74801,2
5N20Z74819,3
5N20Z74825,16
5N20Z74826,10
5N20Z74831,3
5N20Z74832,3
5N20Z74836,11
5N20Z74838,27
5N20Z74845,1
5N20Z74846,15
5N20Z74847,11
5N20Z74856,11
5N20Z74868,2
5N20Z74881,4
5N20Z74884,50
5N20Z74894,5
5N21A21740,1
5N21A21742,1
5N21A21744,3
5N21A21745,7
5N21A21759,3
5N21A21795,2
5N21A21796,5
5N21A21856,1
5N21A21869,1
5N21A21869-RP,7
5N21A21870,10
5N21A21904,1
5N21A21906,9
5N21A22018,4
5N21B08425,2
5N21B08475,48
5N21B44334,3
5N21B44338,50
5N21B44338-RP,8
5N21B44338-RP-DE,50
5N21B44338-RP-HU,7
5N21B44338-RP-NORDIC,50
5N21B44338-RP-SK,15
5N21B44351,1
5N21B44365,4
5N21B44373,1
5N21B44374,2
5N21B44375,3
5N21B44376,9
5N21B44389,1
5N21B44399,15
5N21B44411,1
5N21B44412,5
5N21B44413,8
5N21B44423,1
5N21B44436,24
5N21D67980,50
5N21D67981,35
5N21D67986,1
5N21D67989,50
5N21D67995,50
5N21D68017,1
5N21D68019,2
5N21D68026,50
5N21D68032,14
5N21D68074,32
5N21D68076,47
5N21D68097,2
5N21D68100,50
5N21D68102,1
5N21D68120,50
5N21D68132,50
5N21D68147,15
5N21D68168,50
5N21D68169,2
5N21D68170,50
5N21D68171,50
5N21D68171-RP-SK/CZ,30
5N21D68176,1
5N21D68177,2
5N21D68181,50
5N21D68184,44
5N21D68194,50
5N21D68205,30
5N21D68207,9
5N21D68208,50
5N21D68214,4
5N21D68218,2
5N21D68221,3
5N21D68244,37
5N21D68245,8
5N21D68255,50
5N21D68258,50
5N21D68258-RP,13
5N21D68282,9
5N21D68292,10
5N21D68334,3
5N21D93623,50
5N21D93637,50
5N21D93659,1
5N21D93660,7
5N21D93665,1
5N21D93666,2
5N21D93673,42
5N21D93674,2
5N21D93692,50
5N21D93695,1
5N21D93696,50
5N21D93700,6
5N21D93702,4
5N21D93708,3
5N21D93721,20
5N21D93729,1
5N21D93732,2
5N21D93733,50
5N21D93760,18
5N21D93769,10
5N21D93771,50
5N21D93778,3
5N21D93781,9
5N21D93782,19
5N21D93784,50
5N21D93784-RP,23
5N21D93785,25
5N21D93803,1
5N21D93807,2
5N21D93808,4
5N21D93815,1
5N21F39323,19
5N21F39326,4
5N21F39329,2
5N21F39330,50
5N21F39331,10
5N21F39342,44
5N21F39344,50
5N21F39345,3
5N21F39354,37
5N21F39354-RP,16
5N21F39355,17
5N21F39363,4
5N21F39367,40
5N21F39368,15
5N21F39373,15
5N21F39374,1
5N21F39375,3
5N21F39379,2
5N21F39381,50
5N21F39381-RP-FR,3
5N21F39392,1
5N21H76754,9
5N21H76759,10
5N21H76780,1
5N21H76815,6
5N21H76815-RP-BU,2
5N21H76815-RP-SK,6
5N21H76819,5
5N21H76821,3
5N21H76825,5
5N21H76868-RP,28
5N21H76954,8
5N21H76964,2
5N21H76982,1
5N21H76996,2
5N21H77044,1
5N21H77054,3
5N21H77066,1
5N21H77095,11
5N21H77097,1
5N21H77189,3
5N21H77213,1
5N21H77219,11
5N21K05015,50
5N21K05015-RP,44
5N21K05029,9
5N21K05038,15
5N21K05052,3
5N21K05062,1
5N21K05063,1
5N21K05065,1
5N21K05066,1
5N21K05087,50
5N21K05088,50
5N21K05100,12
5N21K05102,50
5N21K05103,5
5N21K05126,4
5N21K05174,3
5N21K05176,2
5N21K05200,6
5N21M39836,40
5N21M40030,50
911502-101,50
GX30M39658,2
GY40T11729,1
K72344DE,16
L40740-BB1,1
L44547-041,3
L45090-601,1
L90460-B31,50
M16980-DH1,15
M21740-141,2
M21742-BA1,1
M22003-B71,9
M24297-031,1
M46293-031,10
M46294-DH1,1
M49547-B71,9
M51631-031,10
N45443-131,3
266C9AA#ABD,12
3YJ-00009,0
434821-082,50
537746-051,3
M21188-DH1,1
M21668-041,24
840791-B71,4
L00737-081,7
L09548-091,2
M21668-061,29
M21668-071,3
M21668-091,7
M21668-BG1,18
646125-DH1,1
L09594-041,1
L09594-051,2
697737-041,1
803181-041,47
803181-061,6
803181-091,39
827028-071,1
836308-BG1,1
836621-081,1
840800-B71,17
841137-B71,21
841145-B71,5
844423-B71,13
911502-BD1,5
918018-071,4
918018-091,3
920-002443,50
920-002552,4
920-008229,50
920-008680,0
920-008683,50
920-008685,50
920-009810,7
920-010022,50
920-010994,0
920-011010,50
929985-091,1
L34213-B71,1
L42458-DH1,19
M16931-041,10
M16933-051,2
844423-051,1
L44509-031,1
M23769-051,6
M23769-B31,2
M23769-DH1,50
M23770-B31-RP,1
M78958-DH1,5
M23769-0RP-GR,2
M24295-031,14
M24295-051,15
M24295-071,50
L01028-DH1,2
N17713-DH1,11
L13697-041,4
L13698-001,10
L56443-081,1
M36414-D61,8
L87607-061,1
M07089-A41,11
M07090-BA1,1
M08699-001,1
M08699-001-CTO,13
M08699-081,1
M08699-141,1
M08699-151,1
M08699-171,14
M08699-B31,16
M08699-BA1,1
M08699-D61,15
M08700-DH1-RP,4
M08701-031,3
M08701-041,6
M08701-131,3
M36312-031,1
M93405-BD1,1
N09058-151,1
N09059-211,1
N09058-091,1
N09058-B31,4
L11307-081,20
L11307-B31,1
L11999-091,8
L12000-081,10
L14366-081-01,1
L14366-211,3
L29477-081-RP-FR,25
L89916-061,3
L89916-071,3
L89916-141,5
M07491-FL1,1
M07495-081,4
M21677-DH1,2
M21678-BA1,1
M35816-071,3
M35816-081,4
M35816-261,2
L30668-B71,2
L34210-051,1
434821-087,50
454821-081,1
704222-DX1,1
803181-031,10
803181-111,17
803181-CG1,42
803181-L31,8
QY776AA#ABF,50
Z9H48A6#AK8,50
KB216-BK-DAN,50
5M10V24933,2
821157-B71,1
L01027-DH1,43
L01028-141,14
L01071-DH1,18
L09548-081,2
L12375-081,1
L14366-FL1,1
L87607-251,13
L87607-B31,11
L87607-FP1,2
L89916-001,1
L96909-041,50
L96909-061,16
L96909-CG1,50
00MW326,35
73P5223,4
00XH537,50
00XH551,22
00XH591,11
00XH619,17
00XH692,50
00XH698,5
00XH699,3
00XH702,13
00XH708,50
00XH731,28
5D50U84448,11
5D50U84465,50
5D50U84471,7
M05032-081,2
M05033-211,1
M07089-091,50
M07089-B31,15
M07090-001,2
M07090-DD1,1
M07091-041,33
M07091-081,1
M07491-DH1,30
M08699-061,50
M14608-B71,1
M14635-091,4
M15921-B31,5
M16982-051,6
M16982-081,2
M21668-FL1,1
M21677-B31,8
M21742-141,1
M21742-DD1,1
M21742-FL1,3
M27527-041,24
M27527-051,50
M27527-061,21
M27527-CG1,20
M27881-041,20
M35816-031,50
M35816-051,7
M35847-B71,1
M36310-B71,5
M36310-DH1,29
M36311-DH1,33
M36312-081,6
M36312-091,10
M36312-251,1
M36312-B31,24
M36312-BG1,7
M36312-DH1,17
M36413-D61,2
M36415-D61,50
M46071-B31,2
M49547-041,1
M74255-DH1,22
M74257-DH1,25
M74258-041,1
N01933-B31,6
N01934-171,1
N08145-251,7
N08383-DH1,2
N17710-041,6
N17710-141,2
N17712-041,3
N17712-091,2
N17712-131,2
N17712-141,2
N17712-A71,7
N17712-BG1,3
N17713-A41,3
N45443-BB1,4
QY776AA#ABZ,1
01EN480,10
01AX621,4
04Y0909,1
01EP003,33
01AX355-RP,17
01EN573,3
01YN672,7
01YP595,23
01YP612,5
01YP690,3
01YP772,1
5N20V78142,18
5N20V78142-RP,9
01AX370,3
01AX390,1
01AX431,4
01AX575-RP-IX,1
01AX596,1
01EN691,2
01HX428,1
01HX431,2
01HX434,2
01YP337,1
01YP535,4
01YN459,3
02HM211,1
02HM252,3
02HM278,1
02HM283,1
02HM336,7
01EN945,3
01HX248,1
01AW907,5
04Y0816,1
02XR009,2
5M10Z39694,1
5M10Z39698,2
01LX654,1
929985-081,1
M16982-DH1,12
M14605-DH1,1
M14606-DH1,22
M14608-DH1,22
M07494-141,2
M07494-BD1,2
M07494-FL1,8
M35847-081,5
M35847-211,1
M74258-DH1,23
01AX511-02,1
01YP211,9
01YP930,1
3M165AA#UUW,2
4X30M86883-02,3
4X30M86918-02,8
4Y41C33757-02,3
4Y41C33767-02,2
4Y41K04068-02,2
5M10Z27504-RP,4
5M10Z37126,2
5M11C18617-RP,2
5M11C53287-RP-CH,1
5M11D12075,1
5M11D12107,2
5M11H45843,1
5N20V43043-RP-ES,5
5N20V43055,1
5N20V43153,2
5N20V43497,1
5N20V43776-02,1
5N20V43928-RP-TURKEY,10
5N20V44072,2
5N20V78009-RP-CZ,1
5N20V78034-02,25
5N20V78147,4
5N20W67841-RP-FR,2
5N20W68228-BE,6
5N20Z74795-02,1
5N21A21968,14
5N21B44338-RP-BE,18
5N21D68194-RP,50
5N21D68194-RP-ES,4
5N21F39330-BE,5
5N21H76954-RP-CH,3
GY40T11725-02,4
GY40V42769-02,1
GY41C33937-02,8
"KEY T14 G1 GERMAN/RP",1
L40740-B31,25
L40740-FL1,3
L44547-B31,9
L44548-B31,4
L44548-BQ1,5
L45090-041,8
L45090-141,2
L45090-B31,17
L45090-FL1,2
L45091-041,1
L45091-131,1
L45091-141,6
L45091-261,2
L45091-B31,24
L78086-051,16
M05033-151,2
M21677-041,2
M21742-BB1,2
M21742-DHC,1
M21742-FP1,5
QY776AA#UUZ-02,27
X1CARBONG9-FR-TELLUS,5
ZG38C03491-02,20
ZG38C03518-02,4
ZG38C03589-02,13
ZG38C04504-02,28
ZG38C04505-02,15
ZG38C04508-02,1
ZG38C04970-02,2
L44547-041-RP-FR,5
580-ADGP-02,8
M21668-DH1-RP,4
L09594-091,1
L09595-091,1
CLA-901U,50
L74116-BB1,2
L70777-081,2
L10860-091,1
L31882-A41,1
L31883-091,4
L41041-B71,1
937419-B71,3
L44589-171,2
L65224-B31,19
L65225-B31,22
N17713-071,1
M36413-131,1
M07090-141,5
M08699-131,6
M08699-FL1,37
M08700-081,10
M15209-041,1
M16982-031,8
M36310-051,1
M07090-CZ-RP,1
N09059-BB1,5
L11307-041,15
L11999-041,4
L11999-DH1-RP,33
L14366-141,1
L29477-081,7
L29477-091,1
L14367-081,8
M21677-151,2
M21678-081,1
M35816-211,1
L25111-251,6
L34210-151,1
L34210-B31,2
L34210-BA1,1
803181-031-02,4
M07131-DH1-RP,6
M07130-081,1
KBX55UF-V2,22
L01072-DH1,1
L30669-091,3
L31883-081,3
L41041-081,2
L70777-091,2
L70777-B31,3
L74116-141,2
L74117-BA1,1
L74117-BG1,1
L87607-171,3
L91025-051,9
4X30H56869-02,2
00XH692-02,2
00XH734-RP,50
M05032-DH1,3
M07089-DH1,39
M07090-091,2
M07090-171,5
M07090-251,10
M07090-BB1,6
M07090-BG1,50
M07491-211,3
M07491-BB1,2
M15921-141,1
M15921-BB1,1
M35847-061,29
M36310-081,12
N17710-061,2
01YP640,1
01YP449-RP-FR,1
01YN437,5
02HM304,1
5M10W78870,2
5M10W78877,2
5M10W78879,1
01HX110,1
918018-A41,3
918018-B71,1
929985-B71,7
M15921-171,1
M15921-FL1,1
M14635-BB1,6
M07494-041,14
M07494-131,1
M07494-151,6
M07494-211,3
M07494-BA1,5
M07494-DDD,4
M35847-131,3
4X30M86883-08,1
T6T83AAR#B13,6
12BLMAT6UK,27
12BMMAT1EU,50
62CAUAT1WL,50
62CBRAT6EU,1
62CEGAT3UK,50
63A2GAT1EU,50
63A3GAT1EU,37
63A4MAT1EU,50
63B2MAT6EU,38
63D3GAT1EU,50
63D6UAT3EU,50
63F2RAT3EU,50
63AAUAR6WL,6
63AAUAT6WL,1
64W41AA#ABB,19
64X69AA#ABB,50
B279TDXSP1EU,31
DELL-P2423DE,14
DELL-P2424HT,50
DELL-P2725HE,18
LS24A400UJUXEN,50
S26361-K1692-V160,50
ZA690008SE,50
678U8AA#ABB,50
DELL-P2723D,50
ARM-0301,5
6N6E9AA#ABB,50
169L0AA#ABB,50
6N4D6AA#ABB,31
9VF99AA#ABB,32
9VG82AA#ABB,50
9VJ40AA#ABB,50
61F1GAT2UK,25
12BKMAT1EU,18
12BKMAT1UK,28
12NAGAT1EU,50
12NBGAT1EU,50
62C6KAT1UK,1
63CFMATXEU,50
11GEPAT1UK-02,2
11GSPAT1EU-02,1
12BMMAT1CH-02,1
12BMMAT1EU-02,4
12N8GAT1EU-02,3
1FH49AA#ABB-02,1
4XF0L72016-02,1
4Z11K07878-02,11
4Z11K07880-02,1
61C3MAR6EU-02,1
61C3MAR6UK-02,1
61DDUAT6EU-02,1
61F5GAR1EU-02,5
61F6MAT2CH-02,1
61F6MAT2EU-02,2
61F6MAT2UK-02,5
61FCMAT6UK-02,1
62A3UAT1WL-02,3
62B1GAR2UK-02,1
62B1GAT2UK-02,1
62B9MAT4UK-02,6
62BAMAT4EU-02,1
62BAMAT4UK-02,6
63A4MAT1EU-02,1
63A5GAT6UK-02,2
63ABMAT3EU-02,1
63ABMAT3IT-02,3
63B2MAT6CH-02,1
63B2MAT6EU-02,2
63B4GAR6EU-02,6
63B4GAT6EU-02,1
63D8MAT3EU-02,12
63DAGAT2IT-02,1
63E0KAT4EU-02,1
63AAUAT6WL-02,3
66B8KAC6EU-02,1
66BAKAC6EU-02,2
66CBKAC1UK-02,2
66D1GAC1EU-02,1
66D7GAR1EU-02,1
66DEKAC2UK-02,3
66E4UAC1WL-02,11
66E5GAC3EU-02,2
66E7GAC2UK-02,1
66EDUAC1EU-02,2
66EDUAC1UK-02,1
66EEGAC3CH-02,2
66F0GACBUK-02,3
66F5GAC2UK-02,1
66F8GAC3CH-02,1
66F8GAC3UK-02,2
66F9UAC6EU-02,1
67A6GAC3EU-02,1
67ABKAC4CH-02,1
67ACKAC4EU-02,1
67AEKACBCH-02,1
67AFKACBUK-02,1
67B4GAC1EU-02,1
67B4GAC1UK-02,1
67B5GAC1CH-02,1
67B5GAC1EU-02,1
67B7GACBEU-02,4
DELL-P2423DE-02,1
DELL-P2725HE-02,1
63DAGAT2EU-02,1
6PA50A4#ABB-02,3
61F6MAR2EU-02,1
61FCMAR6EU-02,1
62C5GAT1EU-02,1
62CAUAT1WL-02,2
65F8GAC1EU-02,3
65FBGAC1EU-02,5
65FBGAC1UK-02,3
65FDGAC2EU-02,5
66F3GAC2UK-02,2
11GCPAT1EU-02,3
12NAGAR1EU-02,1
12NAGAT1EU-02,1
61ABMAT1DK-02,1
61B4MAT1EU-02,1
63D7UAT3CH-02,1
63D7UAT3UK-02,1
63A5GAT6EU-04,50
63CFMATXEU-04,44
63D7UAT3EU-06,1
HP24MONBUND11-08,1
HP24MONBUND12-08,1
HP24MONBUND5-08,1
HPLE2405X-BUNDLE2-08,1
HPMIXLCD2427-08,1
"MIXBUNDLE- MON1-08",1
MIXMONITOR-BUNDLE-08,1
MONITBUNDLEMIX-4-08,1
MONITORBUNDLE24-2-08,1
MONITORBUNDLE24-3-08,1
MONITORBUNDLE24-6-08,1
MONITOR-BUNDLE48-08,1
MONITOR-BUNDLE49-08,1
MONITORMIX-242722-08,1
0-0057893-2,0
0-2153449-4,50
1088010516,1
1-1479358-3,16
1-1671226-5,1
6-2111979-2,50
70713,9
737891-2,50
760242455,1
"ARCHER T4E",2
FGS-HLBK,7
JD368B,1
NPC06SZDB-GY003M,39
0-0336488-2,0
0-0336488-3,0
0-0057538-2,0
0-0057535-2,0
0-0057893-1,0
C3750X-24T-S-08,1
HD-310-0008-08,2
ICX6450-48-08,8
ICX6450-48P-08,2
20WLS25U00,15
20WNS8RS02,1
20WNS8RS04,1
20X1S0EM00,2
20X2S4YX00,1
20X2S8UK00,5
21AH002WUK,33
21AJS2VD00,3
21AJSFEA00,50
21AJSFEA04,9
21AJSFEA05,40
21AXS5FM05,12
21AXS5FM07,6
21B4S27400,7
21BQS19B00,1
21BQSA1H01,50
21BQSA1H07,50
21BQSA1P00,5
21BQSA1P03,4
21BQSA1P04,5
21BQSA1P06,9
21BR001FSP,33
21BSS58S04,2
21BSS7X303,8
21BSS7X304,12
21BSS7X305,5
21BT008HUK,17
21BT009TGE,10
21BV002VUK,18
21BV00A9UK,14
21C2SAQ400,6
21C2SAQ405,3
21C2SAQ406,8
21C6S4XS03,1
21C6S4XS04,9
21CGS49201,1
21CGS49204,12
21D9S02F00,15
21F7S2240R,1
21F7S3T400,3
21FDS1AB00,9
21FWS18M00,1
21H2S19C00,25
21H2S3S40R,1
21H4S04W00,50
21HD007GFR,40
21HD00A7SP,2
21HD00B1FR,8
21HES2EA0C,1
21HES3F308,15
21HF000RFR,1
21HGS1SM48,4
21HH002JFR,10
21HH0067SP,1
21HK000MUK,2
21HNS9W700,36
21HNS9W700-NORDIC,5
21HRS0JE0V,2
21J5000EFR,2
21JN004NIX,3
21KCCTO01WW-DE,9
21KCCTO01WW-UK,10
21LS002HUK,15
20WK00KJFR,4
20WKS1G202,2
20WKS1G301,2
21B4S93K01,50
21B4S93K02,2
21B4S93K03,50
21B4S93K07,50
21BV00AXIX,50
21BWS1JE10,2
21BWS74J06,7
21C1003YSP,30
21CCS2B106,2
21CES7TM01,50
21CES7TM07,50
21CJS12C00,1
21CJS12C04,1
21CJS12C05,3
21CK002VMH,1
21CNS2ST02,25
21CNS2ST06,49
21CNS2ST06-02,3
21CNS2ST06-SK,50
21CRS2D400,32
21CRS2D405,50
21CRS2D406-RP,17
21D3S1Y200,19
21D3S1Y207,14
21D4S02F00,1
21EB0041IX,19
21EB0043IX,19
21F3S0850M,1
21F3S1MU1W,1
21FG000BIX,18
21H6S0PG06,2
21H6S4MG00,1
21HES4740N,1
21HF000SFR,33
21HK000MFR,4
21HM0064FR,1
6F6H2EA#ABD,50
6F6K8EA#ABD,50
7IQ-00010,1
817Q5EA#UUW,4
81W20031MH,1
82EY001LFR,2
82JQ00SGFR,1
82N7004GGE,1
82SB00WBMB,1
82SB00WGFR,1
82SC009QFR,1
82TL009HIX,1
82TL009TGE,2
82XY004UMZ,1
82Y8004USP,1
82YM003XGE,1
83AU003NMH,2
83AU0058GE,2
83AU005QMZ,1
83AU005XFR,2
859R0EA#ABF,2
8A3W7EA#UUW,34
8A441EA#ABY,39
8A445EA#ABY,50
8A588EA#UUW,6
8PY-00033,46
96X37ET#UUW,6
96X39ET#UUW,11
96X41ET#UUW,0
96X42ET#UUW,0
96X43ET#UUW,0
96X44ET#UUW,0
96X45ET#UUW,0
96X46ET#UUW,0
96X50ET#UUW,0
96X56ET#UUW,0
PTX1H-CONFIG,1
EBQ-00033,1
EED-00018,46
EED-00019,1
EED-00020,5
QIM-00005,0
QLQ-00005,0
S7B-00023,0
S8G-00004,0
SA1-00004,0
20W00126MH-02,3
20XXS5AQ0Z-02,1
20XYS10500-02,1
21ACS0LA06-02,1
21AH002WUK-CTO-02,2
21AH0091MX-CTO-02,0
21AH00CSMX-02-GB,9
21BR001CUK-02,4
21BSS2280Z-02-NO,3
21BSS22812-02,6
21BSS22815-02-NO,6
21BSS22818-02-GB,6
21BV002VDE,20
21BV002VUK-02,32
21CCS6B602-02,1
21CGS49400-CTO1-02,1
21DDS1S217-02-DE,5
21DDS1S217-02-NO,7
21HF000UUK-02,1
21JNCTO1WW-02,1
20WNS8SS02-02,1
20YDS26201-02,1
21B4S93K03-CTO-BE,32
21CB0064UK-02,1
21CCS03G01-02,4
21CCS4BV00-CTO1-02,1
21CCS4BV00-NORDICS,7
21EM0012FR-02,1
21FG000BIX-02,1
21HQ002VGE-02,1
5P6X2EA#UUW-02,2
5P6Y8EA#UUW-02,1
5P6Y9EA#UUW-02,1
5P6Z5EA#UUW-02,8
5P6Z6EA#UUW-02,1
5P6Z9EA#ABY-02,3
5Q7F9EA#UUW-02,1
5R221ES#UUW-02,1
5Y3G0EA#UUW-02,3
5Y3G4EA#ABY-02,1
5Y459EA#UUW-02,1
5Y466EA#UUW-02,1
5Y466EA#ABY-02,1
5Y467EA#ABY-02,1
5Y473EA#ABY-02,1
5Y469EA#UUW-02,2
6A1G5EA#UUW-02,2
6A1G6EA#UUW-02,1
6T262EA#UUW-02,2
816Y2EA#UUW-02,1
82TL009FUK-02,2
82TL009KMB-02,1
82TL009VMX-02,1
82UT008XMZ-02,1
82Y30043GE-02,1
82YM006SMZ-02,1
82YM007KGE-02,2
83AN000CIX-02,1
83AU002JGE-02,1
83AU0058GE-02,1
83B1001GMZ-02,1
83BY0084GE-02,1
8A3W7EA#UUW-02,1
970V6ET#UUW-02,1
EBQ-00050-02,1
20Q1S5MS00-CTO1-04,1
20J7S07400-06,1
20LAS5GT00-06,1
20NN0026GE-06,1
20NSS2R500-06,1
20RA001DGE-06,1
20ST0061MX-06,1
20UES1L40F-06,1
20UES62N00-06,1
20UGS07A00-06,0
20UJ001CMX-06,1
20VD0175FR-06,1
20VE0005GE-06,1
20VH0017GE-06,1
20VJS33006-06,1
20VX00GXFR-06,1
20WNS8RS04-06,1
20X1004NMB-06,1
20X100GRMX-06,1
20X300LKUK-06,1
20X6S0TQ03-06,1
20XW0055UK-06,1
20XW005JMX-06,1
20XXS8XB02-06,10
20XY006HGE-06,1
20Y3001HMZ-06,1
20YS000CGE-06,1
21A0006YFR-06,1
21AK000HMX-06,1
21ALS0M600-06,1
21AS0006GE-06,1
21BB0026UK-06,1
21BT009LUK-06,1
21C8S1GW00-06,1
21CB0064UK-06,3
21CB009UMZ-06,1
21CB00FRMX-06,1
21CD004PUK-06,2
21CGS0VB0E-06,1
21CQ0046MX-06,1
21CRS1HW00-06,1
21D8000EMX-06,1
21EB0041FR-06,1
21F6002NMX-06,1
21FJ000BSP-06,1
21FJ001XGE-06,1
21H7001YGE-06,1
21HF000SGE-06,1
21HM004QUK-06,1
21JG000FUK-06,1
21JK00DQGE-06,1
21JR002WGE-06,1
81FB00FEMB-06,1
81MD0045SP-06,1
81Q7001HMX-06,1
81Q8000LSP-06,1
81Q8001TPG-06,3
81TK001YIX-06,1
82A100EVMB-06,1
82ACX006UK-06,1
82BC003BSP-06,1
82BH003LSP-06,1
82C30036IX-06,1
82C5X015GE-06,1
82DS000HUK-RP1-06,1
82FG01S4MB-06,1
82FN000PIX-06,1
82JW00LHMB-06,1
82KT00BKMH-06,1
82LV003KFR-06,1
82LX004NFR-06,1
82NC00F8GE-06,1
82NH008WMX-06,1
82QF000GGE-06,1
82RB000AGE-06,1
82RQ003CGE-06,1
82SV003CGE-06,1
82TK0076MX-06,1
82TL009FUK-06,1
82UU0022PG-06,1
82UU004LSP-06,1
82XT00DLFR-06,1
82XT00DQIX-06,1
82XU004SGE-06,2
82Y9000EUK-06,1
82YM003XGE-06,1
82YM007KGE-06,1
82YQ001YFR-06,1
82YQ003TIX-06,1
83AU005WGE-06,1
83AU005XFR-06,1
83B2007RMH-06,1
21HQ002SMH-G,1
5P7S4ESR#BH4,1
5Q7G4EAR#UUW,1
5Y461EAR#UUW,1
6T1G4EAR#ABD,1
818L4EAR#UUW-02,1
9W5U3E8R#UUQ,1
9Y0H1E8R#ABB,2
9Y9R5E8R#ABN,1
A12KGE8R#UUW,6
A19TYE8R#UUW,7
A46WVE8R#UUW,20
20KN001NUK-G,1
20L60034MX-G,1
20S1SGRN00-G,3
20ST008AFR-G,4
20T20030FR-G,1
20T3S6K600-G,2
20TA001UFR-G,1
20TES7KJ01-G,1
20UD004GMH-G-CTO1,1
20UES5WW07-G,1
20VKS0LM01-G,2
20VX007AUK-G,1
20VXX105UK-G,1
20W0S24305-G,1
20W0S24306-G,2
20W0S24401-G,1
20W0S24403-G,2
20WK00AJPG-G,1
20WLS52F00-G,1
20WNS15003-G,2
20WNS83M00-G,2
20WNS8RS03-G,7
20WNS8RS04-G,3
20WNS8SS01-G,1
20WNS8SS02-G,2
20WNS8SX01-G,1
20XF00AAUK-G,5
20XJS28U01-G,1
20XJS28V01-G,33
20XW0062UK-G,2
20XWX108UK-G,1
20XWX113UK-G,1
20XXS2DW1F-G,1
20XXS8XB02-G,7
20XY004FMB-G,1
20XY004HGE-G,1
20Y0S0DG09-G,1
20Y0S0QS00-G,1
20Y1002UFR-G,1
20Y4S15R01-G,1
20Y4S15R02-G,2
20Y4S15R03R-G,1
20YHS1D300-G,1
21A0006YFR-G,1
21A00098FR-G,1
21A1S00D00-G,1
21AES0AJ00-G,1
21AH00DQMX-G,1
21AK0041FR-G,1
21AR0091GE-G,1
21AS0025MX-G,1
21AS0027MX-G,1
21AS002RMB-G,1
21AW0033MX-G,1
21AXS20500-G,2
21B50044GE-G,2
21BAS0VK00-G,1
21BN003NMX-G,1
21BR00CDMZ-G,1
21BRS0VH00-G,1
21BT0095FR-G,1
21BT009LGE-G,1
21BWS35W00-G,1
21C1003AGE-G,1
21C2S0WF00-G,1
21C8S16E0Q-G,1
21CB0064UK-G,5
21CB0065IX-G,1
21CB0073UK-G,5
21CB009QMB-G,1
21CB009SGE-G,1
21CB00AYMH-G,1
21CB00BQMH-G,1
21CB00FSMB-G,1
21CB00FSMH-G,4
21CBX042UK-G,1
21CBX043UK-G,2
21CCS3HC00-G,1
21CCS43W0T-G,1
21CCS8RQ00-G,1
21CD004PUK-G,4
21CD0060MZ-G,1
21CES1M500-G,1
21CK003MFR-G,1
21CM004JMX-G,1
21CM004JMX-RP-G,1
21CNS0YA02-G,1
21CNS1YY00-G,1
21CNS21Q00-G,3
21CQ002LGE-G,2
21CQ002MFR-CTO-G,1
21CQ003BFR-G,2
21CQ0046MX-G,2
21CRS00J03-G,1
21CRS07H0Y-G,1
21CRS09M00-G,2
21CRS0EL0L-G,1
21CRS13700-G,1
21CX000DUK-G,2
21CX0041GE-G,1
21CY0053MB-G,1
21CY005EIX-G,2
21D2002CFR-G,1
21D2002LMB-G,1
21D2002YMZ-G,1
21D6000XIX-G,1
21D8000EMX-G,1
21DC006WFR-G,2
21DH000KGE-G,1
21DH00BLMB-G,2
21DJ000CGE-G,1
21DJ000DSP-G,1
21DKS00Q00-G,1
21DL0007UK-G,1
21DL0047IX-G,1
21DL009EMH-G,1
21DLA05VSP-G,1
21DM0020MH-G,1
21EB0040UK-G,1
21EB0041IX-G,1
21EB0042GE-G,1
21EB0052PG-G,1
21EBX014UK-G,1
21ECS00000-G,1
21ECS1EM00-G,1
21EX0038GE-G,1
21F2001EMZ-G,1
21F2003PMX-G,1
21F2005WFR-G,1
21F3S41900-G,1
21F6002NMX-G,1
21F60036MX-G,1
21F6003XGE-G,1
21F8000KGE-G,1
21F9S0RQ00-G,1
21F9S0TA00-G,3
21FA000JGE-G,1
21FG000BGE-G,1
21FG000DUK-G,1
21FKS0EF00-G,1
21FN0007GE-G,1
21FRS01J00-G,1
21FV000VGE-G,1
21HD0045MX-G,1
21HES3M603-G,1
21HF000RFR-G,2
21HM004GFR-G,1
21HM004HGE-G,1
21HM004HSP-G,1
21HM004QUK-G,4
21HM0063MZ-G,1
21HM0064FR-G,1
21HM006EMX-G,1
21HM0077UK-G,3
21HQ002VGE-G,1
21HQ002WMH-G,1
21HQ004KMZ-G,1
21HQ004RMZ-G,1
21HQ005RGE-G,1
21HQ005VMB-G,1
21HRS0J500-G,1
21J5000EFR-G,8
21J5002KMX-G,1
21J5003KFR-G,3
21J6S05000-G,2
21J80022GE-G,5
21JG0007GE-G,2
21JG0008GE-G,2
21JG001YIX-G,1
21JLS0J600-G,1
21JN004RIX-G,1
21JR000CGE-G,1
21K5000BMX-G,1
21K5000GGE-G,1
21K7S02M00-G,1
21KJ0017MH-G,1
81MQ000DUK-G,6
81WB00AMUK-G,1
81WB015QGE-G,1
81WH004HFR-G,2
81WX000NSP-G,1
82A300CNGE-G,1
82C30036IX-G,3
82C30036UK-G,2
82CYX001UK-G,1
82HY000NMH-G,2
82J4S0DD00-G,2
82JQ00HKFR-G,1
82K2000HFR-G,2
82KC0036MH-G,1
82KF0001IX-G,2
82KN001XMX-G,3
82KN002LMH-G,2
82KU00WPIX-G,1
82KU01SGGE-G,1
82L700HQMZ-G,1
82L700P7MB-G,1
82LN00G7MZ-G,1
82LN00G9GE-G,1
82LU001PUK-G,1
82LU0069GE-G,1
82LU006RIX-G,1
82LX004SFR-G,2
82MS0080GE-G,2
82MY0009GE-G,1
82N4000BIX-G,1
82N70004UK-G,1
82N7009YGE-G,1
82NC00B1IX-G,1
82NC00F8GE-G,2
82NH00BBGE-G,3
82QE009CMX-G,2
82QE00DXMZ-G,1
82QF000KMZ-G,1
82QF0024GE-G,2
82QF0029GE-G,6
82QF0049MZ-G,1
82QF006WUK-G,1
82QF007BSP-G,3
82QF007TGE-G,1
82QF007WGE-G,2
82QG003JUK-G,4
82QQ003PUK-G,1
82QS000WGE-G,1
82QS0026GE-G,1
82R0004EMX-G,1
82RB0010UK-G,2
82RG007JGE-G,1
82RL006LUK-G,1
82RN00FCFR-G,1
82S10004MZ-G,1
82SC009PIX-G,2
82SC009WUK-G,1
82SD001DGE-G,1
82SD0071GE-G,3
82SD007UGE-G,3
82SF000SGE-G,2
82SF0091GE-G,1
82SG005HGE-G,1
82SH0073GE-G,2
82SN007HSP-G,1
82SV0028SP-G,1
82SV004MUK-G,5
82SV006GFR-G,1
82SV0073MZ-G,1
82SV00BMGE-G,1
82SV00BUMH-G,1
82SV00BVMB-G,1
82SV00BYGE-G,6
82TK000EGE-G,1
82TK005CFR-G,1
82TK0077MX-G,5
82TL000NGE-G,2
82TL0040GE-G,1
82TL009FUK-G,11
82TL009LMB-G,1
82TL009TGE-G,1
82TL009UGE-G,11
82TS000HFR-G,20
82TS006SIX-G,1
82TT004QMZ-G,1
82TT008USP-G,1
82U90045GE-G,1
82UD005UUK-G,1
82UG003SMH-G,2
82UT003YMX-G,1
82UT008XMZ-G,1
82UU004CGE-G,1
82UU004LSP-G,2
82UU005XIX-G,3
82V7009FPG-G,1
82V700ATMB-G,1
82V8000JFR-G,1
82V9000FUK-G,6
82VA000JGE-G,1
82VA002UIX-G,1
82VG00FAUK-G,1
82VG00FSUK-G,2
82WK000WIX-G,1
82WQ0049MX-G,1
82WR001PMX-G,1
82WU002UMZ-G,2
82WU0037MX-G,1
82WU004XMZ-G,1
82WU005NUK-G,1
82X30004MZ-G,1
82X3000HMZ-G,1
82X30035MX-G,1
82X80011GE-G,1
82XE0037GE-G,3
82XE0038GE-G,3
82XE004LMZ-G,1
82XE006RMX-G,3
82XG003GGE-G,1
82XM0063GE-G,1
82XN002NGE-G,2
82XT001MGE-G,1
82XT00DLFR-G,4
82XT00DPSP-G,1
82XT00DQIX-G,1
82XY002YMZ-G,3
82Y10036MB-G,1
82Y30043GE-G,2
82Y50016GE-G,1
82Y7003YMX-G,1
82Y7004VGE-G,1
82Y7005KGE-G,3
82Y7005LGE-G,3
82Y7006PMZ-G,1
82Y700ABMZ-G,2
82Y700B1MB-G,1
82Y8001YGE-G,7
82Y90024MB-G,1
82Y9003RMZ-G,2
82Y90048MX-G,1
82Y900AQFR-G,3
82Y900ASSP-G,5
82Y900AYIX-G,2
82YL0038MX-G,1
82YL003XGE-G,2
82YL008EMZ-G,1
82YL009YMB-G,1
82YL00A4MZ-G,1
82YM0001MZ-G,1
82YM001WGE-G,2
82YM003XGE-G,1
82YM004WMX-G,1
82YM005WMX-G,1
82YM006UMZ-G,2
82YM0079MZ-G,2
82YM007CMH-G,1
82YM007EMB-G,2
82YM007JMX-G,1
82YM007LFR-G,4
82YN000XMH-G,1
82YQ003TIX-G,2
83A20001GE-G,1
83AN000CIX-G,2
83AR0028GE-G,2
83AR004KGE-G,1
83AS005GIX-G,1
83AU003BGE-G,4
83AU0043MX-G,1
83AU0058GE-G,7
83AU005QMZ-G,5
83AU005RMZ-G,2
83AU005UMX-G,6
83AU005WGE-G,3
83B1001GMZ-G,4
83B1001TFR-G,1
83B1002AMB-G,1
83B1002BGE-G,1
83B1005XDU-G,1
83B20044UK-G,4
83B2004NGE-G,2
83B20058IX-G,1
83BF0027MX-G,1
83BS0008UK-G,6
83BY000PGE-G,1
83BY0031PG-G,1
83BY007DIX-G,1
83BY0084GE-G,2
83EK0002GE-G,2
83AA000RGE-G,13
83AA000WMH-G,1
20LES4QY01-02,1
3C8H7EAR#ABN,1
3C8H7EAR#AK8,1
3G2L4EAR#ABD,1
5G344ESR#UUW,1
5G3A1ESR#BCM,1
5G3C6ESR#BCM,1
5P6Y4EAR#UUW,1
5Q7G7EAR#UUW,3
62U39EAR#ABF,1
62V89EAR#AB8,2
62W06EAR#ABD,3
62W48EAR#ABH,1
688B2ECR#AK8,1
693V2ECR#UUW,2
6F6J1EAR#ABD,1
6G995ECR#AK8,1
7C625ECR#AB8,3
7C625ECR#ABB,1
7L768E8R#AK8,3
817Q0EAR#UUW,1
817Q4EAR#UUW,1
819H0EAR#AB9,1
819T1EAR#UUW,1
863H5ETR#ABZ,2
865P0EAR#ACQ,1
865S1EAR#AB8,1
865U5EAR#ABB,1
87D43E8R#ABN,1
89J50UCR#ABB,1
8A3X1EAR#UUW,1
8A4F2EAR#UUW,1
8A624EAR#UUW,1
8A9C4E8R#ABD,2
8H992E8R#AB8,1
8M1U1E8R#AK8,2
8Q514ECR#AK8,1
8S0U4E8R#ABH,2
8U6K1E8R#AK8,4
8Y522ECR#AB8,1
968A0ETR#UUW,1
96X49ETR#UUW,1
96X54ETR#UUW,1
98J69ETR#ABH,1
98P71ETR#BED,1
98Q30ETR#ABH,1
9S1H1E8R#UUW-S,1
9V0K5E8R#AK8,1
9V0K6E8R#AK8,2
9W3V8ECR#UUZ,5
9W5T2E8R#UUQ,2
9W5T7E8R#UUQ-S,2
9Y0F8E8R#AB8,5
9Y0G1E8R#AB8,13
9Y0G3E8R#AB8,8
9Y0H2E8R#AK8,11
9Y9D7E8R#AK8,2
A19TYE8R#UUW-S,2
A3TM0E8R#ABV,1
A4KG8E8R#ABF,1
A5BC4E8R#ACQ,6
A5LX2E8R#UUW,1
20HEA0TL0W-S,1
20L60034MX-S,1
20QA002PIX-S,1
20R6S42P00-S,1
20RA0016GE-S,1
20ST008AFR-S,1
20T1S4BD0N-S,1
20T20030FR-S,1
20T6005SPG-S,1
20T8000HMH-S,1
20T8S0NC00-S,1
20TA00K1IX-S,1
20TD00JXMH-S,1
20TES7KJ01-S,2
20U90002FR-S,1
20UH001AMB-S,1
20V9005UIX-S,1
20VK0012MZ-S,1
20VKS0LM01-S,2
20WNS4E82K-S,1
20X100GVFR-S,1
20X100J3FR-S,1
20X3S13P00-S,1
20X5003NMX-S,1
20X7X031UK-S,1
20XJS28V01-S,1
20XJS28Y02-S,1
20XJS28Y04-S,1
20XK000MMX-S,1
20XLS0NM00-S,1
20XW0055UK-S,1
20XW0062UK-S,1
20XXS24W02-S,1
20XXS8XB02-S,41
20Y30001MX-CTO-S,1
20Y4S15R02-S,6
20Y7003RFR-S,1
21A0004WMX-S,1
21A200J9MB-S,2
21AD000DIX-S,1
21AJS04L00-S,1
21AK000VUK-S,1
21AR0010IX-S,1
21AS000PIX-S,1
21AXS20500-S,1
21B4S09K00-S,1
21B4S0KN00-S,1
21B50017UK-S,2
21B90023UK-S,1
21BN003NMX-S,1
21BQS3X800-S,1
21BR001CUK-S,1
21BR00ASFR-S,1
21BR00EXMX-S,1
21BSS6HC00-S,1
21BWS35W00-S,1
21C1003MUK-S,1
21C10045MX-S,1
21C6S0CX00-S,1
21C7001FMX-S,1
21C8S0MN00-S,1
21CB005UFR-S,1
21CB0064UK-S,3
21CB0073UK-S,1
21CB007BIX-S,1
21CB009UMZ-S,2
21CB00BQMH-S,1
21CB00DCFR-S,1
21CB00FSMB-S,1
21CBS1UQ00-S,1
21CCS02H00-S,1
21CCSESV00-S,1
21CD007YMH-S,1
21CES1RD00-S,1
21CF0034SP-S,1
21CGS0RM0Y-S,1
21CK002UMZ-S,1
21CK0031MX-S,1
21CQ002XMZ-S,1
21CQ0045GE-S,1
21CRS1YA02-S,1
21D2001DHV-S,1
21D4001GMZ-S,1
21D60014GE-S,1
21DCS05400-S,1
21DJ000HUK-S,1
21DK0047IX-S,1
21DL000BSP-S,1
21DL0047IX-S,1
21E3005GPG-S,1
21E3005GSP-S,1
21E30065UK-S,1
21EB001JMX-S,1
21EB003YFR-S,1
21EB0041UK-S,1
21EB005SGE-S,1
21ED003QMX-S,1
21ED004HIX-S,1
21ED004LUK-S,1
21EES0TE00-S,5
21EM0012FR-S,2
21F6002KIX-S,1
21F6002NMX-S,1
21F6004PGE-S,1
21FA000AGE-S,1
21FE0003GE-S,1
21FG000BGE-S,2
21FG000DUK-S,1
21FGS00W00-S,1
21FSS0XX00-S,1
21H7000LGE-S,1
21HD007GUK-S,1
21HH002CGE-S,1
21HM005NMX-S,1
21HM0077UK-S,4
21J5000EFR-S,1
21JK005AFR-S,1
21JK005AGE-S,1
21JK00DQGE-S,1
21JN00D5GE-S,1
21JR002WGE-S,1
21JSS0UL00-S,1
21KJ000LGE-S,1
21KK001BGE-S,1
81BL00ADMB-S,1
81MA000UIX-S,1
81WB00AMUK-S,2
81WB00TVIX-S,2
81WQ00M8GE-S,1
81XE000CIX-S,1
81YH00K2FR-S,1
81YQ00LVPG-S,1
82BG002BIX-S,1
82C3003GIX-S,1
82CU0055IX-S,1
82D1008HGE-S,1
82D100A4MX-S,1
82D100A8MZ-S,1
82H800S7UK-S,1
82H801BEIX-S,1
82H801BFIX-S,1
82H802FDMB-S,1
82HY000NMH-S,4
82J4S0DD00-S,1
82J70006MH-S,2
82K2000HFR-S,2
82K200MXFR-S,1
82K600C6GE-S,1
82KD008WUK-S,1
82KN002HPG-S,1
82KN002KMH-S,1
82KN002NMH-S,1
82KR00D9IX-S,1
82KT00TXPG-S,1
82KT00WYMB-S,1
82KU00WPIX-S,3
82KU01VTMB-S,1
82KU021YGE-S,1
82LU0046FR-RP-S,1
82LV003KFR-S,1
82LX004HMZ-S,1
82LX004SFR-S,1
82LX007PMB-S,2
82M80017FR-S,1
82N600RNPG-S,1
82NC00F8GE-S,1
82NH00BBGE-S,1
82QF006WUK-S,1
82QF0082MB-S,1
82QG003JUK-S,2
82R4002MGE-S,1
82R40033PG-S,1
82R40077MX-S,1
82R7003QIX-S,1
82R9001PMZ-S,1
82R900BKMZ-S,1
82RD0012UK-S,1
82RF005VFR-S,1
82RF00BDMH-S,1
82RF00KJMH-S,1
82RL006LUK-S,1
82SA00J2GE-S,1
82SC009PIX-S,1
82SC009QFR-S,1
82SD007UGE-S,1
82SE001JGE-S,1
82SF0091GE-S,1
82SK004MFR-S,1
82SK006VIX-S,1
82SN008TFR-S,1
82SV0073MZ-S,1
82SV00BYGE-S,1
82T5000TGE-S,2
82TK0077MX-S,1
82TK00BSIX-S,1
82TL009FUK-S,5
82TL009HIX-S,1
82TV005XIX-S,1
82UT008EGE-S,1
82UT008XMZ-S,2
82V6001WFR-S,1
82V7005PGE-S,5
82V7009FPG-S,1
82V8000BGE-S,1
82WM0078MX-S,1
82WU007BMX-S,1
82X70036UK-S,1
82XE0045MH-S,1
82XG0040MB-S,1
82XT001MGE-S,1
82XT00DLFR-S,4
82XT00DQIX-S,4
82XU004SGE-S,1
82Y4001NUK-S,4
82Y40022MB-S,2
82Y7004VGE-S,2
82Y7005KGE-S,2
82Y8001YGE-S,1
82Y9000EUK-S,1
82Y9002RFR-S,1
82Y90046MX-S,1
82Y90048MX-S,1
82Y900AQFR-S,1
82YM007KGE-S,1
82YN0000MZ-S,1
82YN002UPG-S,1
82YQ002AGE-S,1
82YU00GWGE-S,2
83A20001GE-S,2
83AM0008UK-S,1
83AR0028GE-S,1
83AU005TIX-S,1
83AU005WGE-S,1
83B1001GMZ-S,2
83B20025MH-S,1
83B20059IX-S,1
83BS0008UK-S,2
83BY0084GE-S,1
83AA000RGE-S,3
ZA6F0026DE-S,1
20X1S0EM00-CTO-04,1
20L6S49600-B,1
20X4S49S24-B,2
20QA001RMH-B,2
20R6S42P00-B,1
20T0004MGE-B,1
20T2007PUK-B,1
20T3S6K600-B,1
20U6S2HU00-B,1
20U7004WIX-B,1
20UES2T90R-B,1
20VF0009MZ-B,1
20VK007BUK-B,1
20W0S24305-B,1
20W0S24402-B,1
20W5S7QC01-B,1
20WM01PBMZ-B,1
20WNS15003-B,1
20WNS8RS03-B,3
20WNS8SV01-B,1
20WNS8SX01-B,1
20X100PYSP-B,2
20X500B4GE-B,1
20XW0027UK-B,1
20XW005MUK-B,1
20XXS1B200-B,1
20XXS2G702-B,1
20XXS8XB02-B,28
20Y30003MX-CTO-B,1
20Y30009GE-B,1
20Y4S15R02-B,3
20Y6S0M000-B,1
20YDS0LC00-B,1
20YRS0PX00-B,1
21A00098FR-B,1
21A200BYGE-B,1
21A9003VSP-B,1
21AH002WUK-B,1
21AH00H7GE-B,1
21AS000BUK-B,1
21BUS00100-B,1
21C3007JGE-B,1
21C5002KMX-B,1
21C6S1JD00-B,1
21C8S0PG00-B,1
21CB001EMX-B,1
21CB005UFR-B,1
21CB0064UK-B,1
21CB00BJFR-B,1
21CB00FSMB-B,1
21CCS98400-B,1
21CD004PUK-B,3
21CGS02100-B,1
21CGS0LG00-B,1
21CQ0046MX-B,3
21CRS09N00-B,1
21CX000DUK-B,1
21CY000FSP-B,1
21D20029GE-B,1
21D2002CFR-B,1
21D8000JPG-B,1
21DA0008MX-B,1
21DBS0BJ07-B,1
21DDS1LM0T-B,1
21DE003PGE-B,1
21DL0009GE-B,1
21DL009EMH-B,1
21DLA09NIX-B,1
21EB0053MX-B,1
21EB008LFR-B,1
21ED007EMH-B,1
21EES0JB00-B,1
21EM000YFR-B,1
21F6002KGE-B,1
21FA000HGE-B,1
21FV000VGE-B,1
21H5001DMX-B,1
21HD0047MX-B,1
21HH0037MX-B,2
21HK000WUK-B,1
21HM003UUK-B,2
21HM004GGE-B,1
21HM004QUK-B,2
21HM005NMZ-B,1
21HM0068MZ-B,2
21HQ005DMZ-B,1
21JG000FUK-B,1
81TC002DUK-B,1
81MA000UIX-B,1
81MQ000DUK-B,1
81Q7002DPG-B,1
81W1008GIX-B,1
81W100TEFR-B,1
81WH009CMB-B,1
82AS00AJLT-B,1
82B8002GMH-B,1
82BG00FYMZ-B,1
82C3001NIX-B,1
82C30036UK-B,1
82D1000KIX-B,1
82H700U2MX-B,1
82H900K5UK-B,1
82J1001PMH-B,1
82J4S0DD00-B,1
82JK000JFR-B,1
82JU018EMH-B,1
82K200MXFR-B,1
82KD002BMX-B,1
82KV000PGE-B,1
82L3008JIX-B,1
82M80018FR-B,1
82M8001WGE-B,1
82N40017GE-B,1
82N7001BGE-B,1
82QE001XMZ-B,1
82SC009PIX-B,1
82SG005HGE-B,1
82T5003FGE-B,1
82T6000JGE-B,1
82U90026GE-B,1
82UH0006GE-B,1
82V7005PGE-B,3
82V9000FUK-B,1
82X3000EUK-B,2
82XT00DLFR-B,2
82XU001EUK-B,1
82XU004SGE-B,1
82XV00J1GE-B,1
82Y9003RMZ-B,1
82YA008JMX-B,1
82YL001DMB-B,1
82YM007HMX-B,1
82YN0023GE-B,1
82YN002PFR-B,1
83B10026MH-B,1
83B20085MZ-B,1
83BS0008UK-B,2
83AA000RGE-B,2
173K-100640-08-A,1
173K-100860-08-A,1
20F3-100734-08-A,1
20L7-101052-08-A,1
20L8-100873-08-A,1
20L8-101098-08-A,1
20L8-101161-08-A,1
20N2-100705-08-A,1
20N2-100788-08-A,1
20N2-100791-08-A,2
20N2-100805-08-A,1
20N2-101078-08-A,1
20N3-100319-08-A,1
20N3-100601-08-A,2
20N3-100644-08-A,1
20N3-100647-08-A,3
20N3-100711-08-A,1
20N3-100724-08-A,1
20N3-100744-08-A,3
20N3-100752-08-A,1
20N3-100785-08-A,3
20N3-100798-08-A,1
20N3-100858-08-A,1
20N3-100867-08-A,1
20N3-100881-08-A,1
20N3-101142-08-A,1
20N3-101187-08-A,1
20N3-87332-08-A,1
20N3-87334-08-A,4
20N3-87386-08-A,1
20N3-89619-08-A,1
20N3-92753-08-A,5
20N3-92754-08-A,1
20N3-93173-08-A,1
20N3-93952-08-A,2
20N3-97539-08-A,2
20N3-97542-08-A,1
20N3-97548-08-A,2
20N3-97607-08-A,1
20N3-99282-08-A,5
20N3-99286-08-A,1
20N3-99317-08-A,1
20NY-100035-08-A,1
20NY-93248-08-A,1
20QE-79497-08-A,5
20QE-99573-RP-08-A,1
20S1-100923-08-A,1
20S1-100924-08-A,1
20S1-101044-08-A,1
20S1-101067-08-A,1
20S1-101076-08-A,1
20S1-101145-08-A,2
20T1-99278-08-A,5
20TA-97727-08-A,2
20TA-98413-08-A,8
20UE-101043-08-A,1
20XXS8XB02-08-A,1
4WE1-100490-08-A,1
4WG3-100866-08-A,1
4WG2-100634-08-A,2
4WG2-168406-08-A,1
4WG3-100598-08-A,1
4WG3-100656-08-A,1
4WG3-100754-08-A,5
4WG3-100835-08-A,1
4WG3-100927-08-A,1
4WG3-101099-08-A,1
4WG3-101193-08-A,1
4WG3-97510-08-A,1
4WG3-99445-08-A,1
4YD6-96403-08-A,1
570J-98731-08-A,1
570J-98725-08-A,21
570J-98777-08-A,17
6XE2-97882-08-A,1
6XE6-101201-08-A,1
6XE6-97513-08-A,2
LAT7-87155-08-A,1
81X7-71154-08-A,1
82AC-138410-08-A,1
8HR0-99569-08-A,1
8MD7-100765-08-A,1
8NW8-97861-08-A,2
8PV7-96017-08-A,2
8PV7-96042-08-A,1
8SN7-96350-08-A,1
8SN7-96390-08-A,3
9570-97989-08-A,1
9JV1-97763-08-A,4
9LL9-96355-08-A,2
IN35-87098-08-A,1
INSP-85655-08-A,1
INSP-85685-08-A,1
LAT5-94074-08-A,1
LAT5-85309-08-A,1
LAT5-85568-08-A,1
LATI-101208-08-A,1
S176-96833-08-A,1
113X-99053-08-B,3
113X-99057-08-B,15
1J6F-96048-08-B,1
20F3-103841-08-B,1
20HF-100822-08-B,1
20JRS12V00-08-B,1
20L6-98033-08-B,42
20LE-100727-08-B,1
20LE-100728-08-B,1
20LT-96881-08-B,36
20LT-96908-08-B,7
20LT-96994-08-B,1
20N2-100033-08-B,1
20N2-100316-08-B,1
20N2-100788-08-B,1
20N2-100792-08-B,1
20N2-94625-08-B,1
20N2-99538-08-B,1
20N3-100034-08-B,1
20N3-100085-08-B,2
20N3-100098-08-B,2
20N3-100752-08-B,1
20N3-100984-08-B,1
20N3-101185-08-B,1
20N3-79866-08-B,3
20N3-87245-08-B,2
20N3-89683-08-B,3
20N3-89931-08-B,1
20N3-92753-08-B,4
20N3-92754-08-B,1
20N3-92756-08-B,1
20N3-92759-08-B,19
20N3-93063-08-B,13
20N3-93845-08-B,2
20N3-93864-08-B,1
20N3-93952-08-B,1
20N3-94054-08-B,2
20N3-94593-08-B,15
20N3-94594-08-B,6
20N3-94599-08-B,29
20N3-94628-08-B,1
20N3-94649-08-B,1
20N3-94666-08-B,3
20N3-96458-08-B,1
20N3-96609-08-B,1
20N3-97539-08-B,14
20N3-97542-08-B,3
20N3-97548-08-B,1
20N3-97568-08-B,1
20N3-97574-08-B,1
20N3-97590-08-B,1
20N3-99297-08-B,1
20N3-99324-08-B,1
20N3-99326-08-B,1
20N3-NOR3-08-B,1
20NX-100071-08-B,1
20NX-86364-08-B,1
20NX-97308-08-B,3
20NX-97341-08-B,9
20NX-97342-08-B,1
20NX-97587-08-B,1
20NX-99344-08-B,2
20NY-100035-08-B,7
20NY-100091-08-B,2
20NY-100095-08-B,1
20NY-89621-08-B,6
20NY-93248-08-B,2
20NY-96816-08-B,1
20NY-97297-08-B,24
20NY-97346-08-B,2
20NY-97429-08-B,1
20Q1-86768-08-B,1
20Q6-96673-08-B,50
20Q6-96698-08-B,4
20Q6-96874-08-B,1
20Q6-96886-08-B,1
20QD-101217-08-B,4
20QD-101221-08-B,1
20QE-101229-08-B,2
20QE-79497-08-B,50
20QE-79580-08-B,1
20QE-90408-08-B,1
20QE-99573-RP-08-B,1
20QN-87659-08-B,1
20S0-99240-08-B,1
20S1-100658-08-B,1
20S1-101031-08-B,1
20S1-101035-08-B,1
20S1-95640-08-B,50
20S1-99239-08-B,1
20S1-99244-08-B,1
20S1-99256-08-B,1
20S1-99261-08-B,1
20T0-99305-08-B,2
20T0-99355-08-B,1
20T0-99378-08-B,1
20T1-99231-08-B,1
20T1-99272-08-B,1
20T1-99278-08-B,32
20T1-99370-08-B,1
20TA-97726-08-B,5
20TA-97727-08-B,1
20U9-99651-08-B,3
20UE-98888-08-B,9
20X2S7RW00-08-B,1
20X4S4P900-08-B,1
21B3-99224-08-B,1
21BR002DMX-08-B,1
21JK0058FR-08-B,1
231H-100609-08-B,1
231H-100612-08-B,1
231H-100632-08-B,2
231H-100642-08-B,1
23V7-96023-08-B,1
24M8-68111-08-B,1
25S7-65843-08-B,1
2F5N-99097-08-B,1
2FZ8-100472-08-B,1
2FZ8-100486-08-B,1
2GY0-99515-08-B,1
2X9H-87159-08-B-R,3
2XD2-94330-08-B,1
2XD2-94389-08-B,5
2Y2J-98376-08-B,1
3E9K-91505-08-B,1
4Q92-98781-08-B,3
10VU-100518-08-B,1
4WG2-97510-08-B,3
4WG2-97512-08-B,2
4WG2-97550-08-B,1
4WG3-100754-08-B,2
4WG3-100760-08-B,1
4WG3-100802-08-B,1
4WG3-47389-08-B,1
4WG3-78860-08-B,1
4WG3-90871-08-B,10
4WG3-93168-08-B,1
4WG3-95850-08-B,7
4WG3-95853-08-B,9
4WG3-97511-08-B,1
4WG3-97529-08-B,1
4WG3-97569-08-B,1
4WG3-98341-08-B,1
4WG3-99445-08-B,1
4YD6-97773-08-B,1
570J-98725-08-B,10
570J-98777-08-B,20
6CK2-97900-08-B,35
6CK2-97908-08-B,2
6CK2-97910-08-B,1
6CK2-97911-08-B,2
6KY9-94371-08-B,4
6XD9-97604-08-B,1
6XE6-97513-08-B,2
6XE6-97518-08-B,1
6XE6-97521-08-B,1
7RB2-94370-08-B,2
81Q70029GE-08-B,1
82FN000PIX-08-B,1
82U90077IX-08-B,1
8MD7-92800-08-B,20
8NW8-97861-08-B,1
8PV7-96017-08-B,6
8PV7-96019-08-B,1
8PZ9-78840-08-B,3
8PZ9-95324-08-B,1
8SN7-96390-08-B,3
8SQ9-100764-08-B,1
8SQ9-95852-08-B,15
8SQ9-95868-08-B,1
8SQ9-95876-08-B,1
9JV1-97763-08-B,4
9JV1-97776-08-B,1
9JV1-97795-08-B,1
9LL9-96355-08-B,1
840G6FR-BE-08-B,1
IN55-87096-08-B,1
LAT5-93899-08-B,1
LAT5-100884-08-B,1
LAT5-99970-08-B,2
LAT5-101254-08-B,1
LAT5-96595-08-B,1
LAT7-85728-08-B,1
LATI-94937-08-B,1
VOS3-87110-08-B,1
177B-99062-08-C,1
1G1X-95310-08-C,1
20CK-100135-08-C,1
20FN-100896-08-C,1
20FN-100906-08-C,1
20JJ-100189-08-C,1
20JJ-96491-08-C,1
20KCS0EX01-08-C,1
TLT480SFR06-C,0
20LD002HGE-08-C,1
20LE-100727-08-C,1
20LT-96881-08-C,50
20LT-96908-08-C,1
20LT-96994-08-C,1
20LT-97120-08-C,2
20N2-84488-08-C,3
20N3-100034-08-C,1
20N3-87245-08-C,1
20N3-89619-08-C,1
20N3-89630-08-C,1
20N3-92756-08-C,2
20N3-92759-08-C,6
20N3-94633-08-C,2
20N3-94666-08-C,1
20N3-96600-08-C,1
20N3-97542-08-C,2
20N3-99420-08-C,1
20NT0010MZ-08-C,1
20NX-97308-08-C,1
20NX-99279-08-C,1
20NX-99281-08-C,1
20NY-100035-08-C,1
20NY-100063-08-C,1
20Q1-100627-08-C,1
20Q6-96673-08-C,27
20Q8-100177-08-C,1
20Q8-100198-08-C,1
20Q8-91682-08-C,6
20QD00KNUK-08-C,1
20QD-101221-08-C,1
20QD-101235-08-C,2
20QD-99652-08-C,3
20QE-101224-08-C,2
20QE-94399-08-C,1
20QE-99573-RP-08-C,1
20QF001WSP-08-C,1
20QQ-100608-08-C,1
20S00011FR-08-C,1
20S1-99239-08-C,3
20S1-99249-08-C,1
20T00055MH-08-C,1
20T0-99236-08-C,1
20T0-99380-08-C,1
20T1-99373-08-C,1
20U8S2TG05-08-C,1
20U9-99651-08-C,1
20UE-95989-08-C,4
20UE-98888-08-C,3
20UHS0B100-08-C,1
20WE0003MZ-08-C,1
20Y10007MX-08-C,1
20Y1000AGE-08-C,1
20YDS1DC00-08-C,1
21A0-34125-08-C,1
21C10062MX-08-C,1
21CB006QGE-08-C,1
2XD2-94394-08-C,1
4WE1-100490-08-C,1
4YD6-97897-08-C,1
570J-98725-08-C,1
570J-98777-08-C,3
6CK2-97900-08-C,7
6CK2-97908-08-C,2
6CK2-97910-08-C,2
6CK2-97911-08-C,1
6XE0-100687-08-C,1
80XC003PPG-08-C,1
80Y8001GSP-08-C,1
81A5-101100-08-C,1
81CT-98166-08-C,1
81Q7000FMX-08-C,1
81Q7001JMX-08-C,1
81Q8001TPG-08-C,1
81W1008HIX-08-C,1
82BH004NGE-08-C,1
82CY0013UK-08-C,1
9JV1-97763-08-C,1
LAT5-94081-08-C,1
XP93-100000-08-C,1
TLT480SIT01P,9
TLT480SDE01P,11
TLT480SDE05P,10
TLT480SES02P,1
TLT480SES06P,1
TLT480SFR01P,2
TLT480SFR02P,32
TLT480SFR05P,2
TLT480SFR06P,9
TLT480SFR26P,33
TLT480SFR41P,1
TLT480SFR46P,1
TLT480SFR56P,15
TLT480SGB02P,1
TLT480SGB06P,12
TLT480SIT02P,2
TLT480SIT05P,5
TLT480SMX06P,25
TLT490CH01P,1
TLT490CH02P,4
TLT490CH06P,45
TLT490CH26P,10
TLT490DE01P,50
TLT490DE05P,2
TLT490DE22P,8
TLT490DE26P,5
TLT490ES01P,17
TLT490ES06P,0
TLT490ES26P,3
TLT490FR02P,3
TLT490GB01P,22
TLT490IT02P,6
TLT490IT05P,19
TLT490IT06P,50
TLT490MX01P,30
TLT490MX08P,50
TLT490US02P,5
TLT490US06P,1
TLT490BE02P,15
TLT490BE06P,50
TLT490CH22P,6
TLT490DE02P,32
TLT490ES05P,7
TLT490ES22P,2
TLT490FR06P,50
TLT490FR08P,1
TLT490GB02P,40
TLT490GB26P,1
TLT490IT01P,6
TLT490DE06P,50
TLT490GB06P,50
TLT490MX06P,50
TLT14G1DE06P,25
TLT14G1DE08P,40
TLT14G1MX06P,1
TLT14G1MX08P,8
TLT14G1MX76P,0
TLT14G1MX78P,16
TH840G5GB05P,1
TH840G6DE02P,50
TH840G6DE05P,1
TH840G6DE06P,50
TH840G6DE08P,1
TH840G6DE22P,6
TH840G6DE26P,2
TH840G6ES02P,45
TH840G6ES06P,33
TH840G6FR02P,0
TH840G6FR06P,5
TH840G6GB02P,27
TH840G6GB06P,50
TH840G6GB08P,1
TH840G6GB22P,1
TH840G6IT02P,50
TH840G6IT06P,50
TH840G6MX02P,14
TH850G6DE02P,50
TH850G6DE06P,50
TH850G6DE08P,2
TH850G6ES02P,50
TH850G6ES06P,27
TH850G6FR02P,4
TH850G6FR06P,50
TH850G6GB06P,17
TH850G6IT02P,7
TH850G6MX02P,38
TH850G6MX06P,50
TLX1CG6DE07B,5
TLT480ES02B,7
TLT480MX02B,7
TLT490FR02B,13
TLT490GB02B,3
TLT490ES06B,26
TLT490FR06B,50
TLT490GB06B,50
TLT490IT06B,18
TLT490MX06B,15
TLT490SMX26B,1
TLX390FR06B,12
TLL590US10B,3
TLX1YG4DE06B,14
TLX1YG4DE06B-NOTOUCH,1
TLX1YG4ES06B,8
TLX1YG4FR06B,26
TLX1YG4GB06B-NOTOUCH,2
TLT495SMX06B,10
TLT14G1DE06B,2
TLT14G1FR06B,19
TLT14G1GB06B,42
TLT14G1MX06B,50
TLT14G1MX32B,14
TAMBA2020US01B,9
TAMBA2020US01SB,27
TH840G6DE05B,1
TH840G6DE06B,10
TH840G6GB06B,19
TH840G6IT05B,1
TH850G6FR06B,15
TH850G6IT06B,15
TH850G6MX06B,32
THX3601040G7DE26B,29
THX3601040G7GB26B,2
THX3601040G7MX26B,3
THX3601040G7US26B,6
TLT490DE01P-2ND,24
TLT490IT01P-2ND,19
TLX390FR06B-2ND,1
TH850G6MX06B-2ND,4
00UR905,4
01AJ937,5
01AX588,7
01FR024,1
01FR024-BOXED,49
01HW957,1
01LW320,5
01LX856,48
02DC095,1
02DL128,50
0A61770,14
0B47397,1
0WY2C5,2
121500040,2
133-91,1
1P3K6AA#ABB,6
20QLZ4UZ00,12
20QLZ4V000,50
20UTZ9EE00,3
286J4AA#UUW,8
40B00135EU,500
4X20V24678,1
4X41A30365,50
4X41C12469,50
4X41M69794,50
4X80K32538,50
4X81E21569,50
4XC1L91362,2
4XC1M72794,3
4XD1H02419,1
4Z11D05518,2
4Z11D05519,17
4ZY1A99213,24
5A11D52403,50
5C10V25721,6
5M11D12291,5
5M11H25820,8
6SK99AA,3
78546953,48
7ZE81AA,9
CT16G4SFRA32A,16
CT32G4SFD832A,7
CT8G4SFRA32A,8
D30654,2
E5E76AA#ABB,4
GX21M50626,1
GX41K68624,33
GX91L84354,4
GXD1D09516,6
GY40T11749,2
GY51F09725,1
SN20M66881,11
T9J02AA#ABB,50
W7C36AA,18
ZG38C04741,3
ZG38C04749,2
ZG38C04905,2
GX20L29356,1
GX20K11839,2
05KK05,1
07Y1DK,1
0W93F7,1
0WN04X,1
1GK-00002,47
DELL-WD19S180W,50
DELL-WD19DCS,50
DELL-WD22TB4,2
DELL-UD22,50
286J1AA#AC3,20
40AF0135EU,100
40AU0065CH,1
40AU0065EU,14
40AY0090EU,70
40B00300EU,100
40B00300UK,50
40B10135UK,30
40B30090UK,1
4J0G4AA,50
5S4C3AA#ABB,6
5TW10AA#ABB,25
7P993AA,0
826630-041,1
8WX-00002,50
8XB-00004,0
8XB-00009,0
MACBOOKAIR13-BAT-OEM,24
4X20M26268,50
4X20M26272,50
4X20M26272-1,20
GX40Q17230,1
02DL008,3
01AJ869,5
LBIM168,2
LBIM137-S2,1
LBIM152,1
LBIM166,1
LBIM180,2
LBIM190,7
LBIM194,1
LBIM205,2
LBIM208,3
LBIM218,4
LBIM222,1
LBIM223,2
P140E340-N-AMI,1
P140E3481-AMIB,5
P156E340-N-AMI,2
P156E440-TB-AMIB,1
40B00135UK,50
GY50X79384,34
1TBM2-OEM,50
512M2-OEM,50
UA6A1E,0
5S4C0AA#ABB,6
5S4C4AA#ABB,1
4SC18AA#ABB,50
671R3AA#ABB,50
H6Y89AA#ABB,11
KB212-BK-DAN,50
L15540-DH1,1
0A36249,2
03X7014,14
GX40Q17231,5
40A00065EU,2
40AU0065UK,1
4XB0W86200,5
03X6656,2
73P2582,2
4X90R61022,40
01ER099,1
5W10V25768,3
5W10V25820,2
5W11H85383,2
5W11H85409,5
M17094-BB1,2
M17094-FL1,1
M20128-041,8
M20128-071,7
M20128-081,18
N10947-051,6
N19204-051,6
N19204-061,1
N19204-141,8
N19204-DH1,26
N19204-FL1,3
4X90J40422,13
4XJ0L59640,20
4X71M23184,21
5M30V06970,50
GX40Q17232,3
MEM5904A,5
00UR496,9
00JT987,21
04X0249,2
01AX486-RP,23
01HW969,50
L17971-251,1
L17971-DH1,7
M20128-B71,31
L28407-DH1,17
N06912-031,2
N06912-041,12
N06912-051,14
00JD094-NF,8
00UP651-02,1
00UP740-02,5
00UP747-02,24
01AW966-02,9
01LX209-02,50
01YN154,1
04X2735-02,3
04X6009-02,1
0A36537-02,1
0A61771-02,1
0B47039-02,50
0B47090-02,1
0B47397-02,2
12DE0000GE-02,1
1D0H6AA-02,8
1D0H7AA-02,31
1FU87AA-02,1
40CLTSCAM1-02,1
4J0G4AA-02,1
4X20M26273-02,7
4X20M26277-02,3
4X20S56701-02,6
4X20V24678-02,3
4X20V24715-02,5
4X20W69154-02,1
4X21H27808-02,2
4X21L54610-02,4
4X30H56865-02,1
4X40V09688-02,5
4X41C12469-02,1
4X41E40077-02,1
4X71F27331-02,1
4X80K32538-02,1
4X80R38451-02,1
4X80Z49662-02,50
4X90U90619-02,1
4X90X21427-02,3
4X91H02421-02,2
4XB0H30205-NF,2
4XB0N26469-02,1
4XB0W79580-02,50
4XB1B85887-02,8
4XB1D04758-02,50
4XB1K26775-02,47
4XC1M72800-02,1
4XF0V81631-02,47
4XF1K03170-02,10
4XH0L55146-02,6
4XH0R14769-02,4
4XJ0R02887-02,1
4XJ1D33265-02,1
4XJ1D33269-02,1
4XJ1D34303-02,1
4XJ1D34304-02,1
4Y51D20850-02,1
4Z11K07881-02,1
5B10W13978,2
5R8Y0AA-02,2
5SS0V26483-02,2
5SS1B60638-02,2
83P90AA-02,2
83P91AA-02,3
8GBDDR4-3200MHZ-OEM,28
GX20Z46255-02,2
GX20Z46271-02,10
GX30M39620-02,3
GX30M39665-02,7
GX41K68624-02,13
GX41K68626-02,10
GX41L44751-02,2
GX41M53146-02,3
GX81J19850-02,4
GXD1E71386-02,2
GXJ1N45009-02,1
L11421-541-02,1
L15193-002-02,2
L57447-02,50
SC10P42352-02,50
ZA690008SE-02,1
ZG38C02616-02,9
ZG38C02819-02,3
ZG38C03368-02,19
ZG38C03435-02,2
ZG38C03547-02,1
ZG38C03900-02,13
ZG38C04251-02,6
ZG38C04741-02,2
ZG38C04749-02,4
ZG38C04905-02,1
0X21WJ,3
40A00065EU-02,50
40A20090UK-02,2
40AF0135EU-02,1
40AV0135UK-02,7
40B00300UK-02,2
40B30090EU-02,50
40B30090UK-02,10
DELL-DA305-02,12
5S4C3AA#ABB-02,33
823953-001-02,18
827053-001-02,14
4X20M26276-02,4
888015014-02,3
0B47032-02,1
4X90S91831-02,1
0B47038-02,3
40AW0065WW-02,7
4X20H15597-02,7
GX40Q17229-02,1
GX40Q17230-02,1
ZG38C01078-02,20
4X20M26272-02,50
13L73AA-02,1
634925-001-02,4
286H5AA#AC3-02,4
286H8AA#AC3-02,2
5S4C0AA#ABB-02,3
L27058-002-02,1
917823-001-02,9
88Y6419-02,2
L28407-141,3
L35286-002-02,50
0A36262-02,50
4X20E50562-02,38
4X20E53340-02,4
4X20E53346-02,6
5A10V03257,5
0B47483-02,50
0B47388-02,2
4X40N18008-02,9
4X40N18009-02,1
GX40Q17225-02,1
0B47045-02,10
40B00300EU-02,1
40A20090EU-02,2
40AJ0135UK-02,1
40AN0135CH-02,1
40AN0135UK-02,2
40AY0090EU-02,1
01FR578-02,19
01LX205-02,6
4XB0N10299-02,50
4XB0N10300-02,50
4XB0N10301-02,2
57Y4303-02,5
4XB1K68131-02,3
4XH0N04885-02,1
57Y4635-02,1
45K1620-02,1
4X80N95873-02,1
GX80N07825-02,3
4Z10F04121-02,1
0A36190-02,1
4X40T84061-02,2
4X90S91830-02,3
01AX797-02,2
02HK709-02,2
4XC1D51445-02,50
4XC1D51447-02,50
5A30W89178-02,1
5W10V25768-02,14
5W10V25815-02,6
5W10V25820-02,9
5W10V25821-02,2
5W10V25847-02,1
M20128-B31,1
GY50X88832-02,1
N19204-131,1
GX81B10212-02,50
ZG38C02777-02,6
4XJ0L59638-02,8
4XJ0N23167-02,1
4XJ0T83640-02,1
4X70M60573-02,50
4X70R38789-02,50
4X70R38790-02,1
4X70S69154-02,2
4X70Z90844-02,3
4X70Z90847-02,50
4X71A14571-02,2
4X71D09536-02,6
4X71F27330-02,5
4X71K08906-02,50
4X71K08907-02,6
4X71M23184-02,50
4X71M23186-02,42
ZG38C02863-02,1
4X80K32537-02,4
01ER566,10
01ER566-RP,4
4X90Q59480-02,1
4XB0W79581-02,10
922749-B71,2
456624-231,1
L17971-091,1
L17971-B31,1
M17094-041,1
M17094-141,1
N06912-A41,1
L15540-B71-04,1
500-7-SSHD-06,3
04W1815-06,3
40AV0135EU-06,1
16GBDDR4-2133MHZ-08,4
16GBDDR4-3200MHZ-08,47
1TB-NVME-2280-08,1
256GB-M2-SATA-08,50
32GBDDR4-3200MHZ-08,9
4GBDDR4-2666MHZ-08,12
500GBSATA25-08,16
5X40ASDOCK-BUNDLE-08,1
8GBDDR4-2400MHZ-08,6
8GBDDR4-2666MHZ-08,6
8GBDDR4-3200MHZ-08,42
DELL65WUSB-08,50
40A90090EU-08,48
841830-001-08,43
4XB0K48499-08,2
0B47464-08,1
40A20090EU-08-NOKEY,50
40A20090EU-08-NOPS,1
40AC0135EU-08,50
40AJ0135EU-08-NOKEY,50
40AJ0135EU-08-NOPSU,17
04X5968-08,7
4XB0N10301-08,1
GX80N07825-08,50
01AX748-08,1
4X90K86568,1
51579,4
4X30L79891,1
T5D-03511,50
WS-C2960-24TC-L-02,11
0252,0
0253,0
0275,0
0291,0
0292,7
0293,0
0294,0
0296,0
BULK0313,0
0316,0
0320,0
0322,3
0345,0
0372,3
0373,6
0375,14
0384,0
0400,14
0401,8
0403,0
0404,6
0406,0
0407,9
0409,20
0410,0
0411,5
1137,14
1139,2
1140,7
1141,5
1143,6
1180,0
1182,6
1183,0
2015,0
2016,4
2017,0
2656,14
2661,9
2662,8
2663,0
2664,7
2665,9
2671,0
2673,4
2679,0
2684,8
2707,23
2708,2
2709,0
2710,7
2711,6
2713,0
P2713,0
2719,0
2743,0
2748,0
2767,39
2768,0
2769,1
2771,21
2772,7
2773,8
2774,43
2783,22
2784,3
2785,1
2786,6
2787,0
2788,3
2789,0
2805,1
2806,7
2807,22
2808,10
2809,39
2810,13
2811,30
2812,12
2823,8
3607,0
3642,2
3659,6
3664,9
3677,1
4761,1
4772,0
5334,0
5335,0
5356,7
6251,0
6257,3
6553,0
6555,0
6783,0
7012,0
7015,0
7017,0
7019,0
7020,0
7024,0
7025,0
7122,0
7177,10
7185,0
7191,0
7196,0
7210,0
7212,0
7216,0
7217,0
7227,8
7228,0
7231,0
7251,0
7252,0
7253,4
7255,0
7257,0
7258,0
7260,0
7262,6
7264,0
7267,0
7271,0
7272,0
7274,0
7275,0
7276,0
7277,0
7278,0
7280,4
7283,1
7288,0
7289,0
7294,0
7296,0
7297,0
7298,0
7306,14
7311,4
7314,0
7315,3
7318,0
7320,0
7321,0
7322,12
7323,0
7324,0
7327,9
8023,0
9066,3
B0402+2784,6
B1173+P2810,3
B2679,0
BULK0249,0
BULK0315,0
BULK0371,48
BULK0378,0
BULK0433,0
BULK0517,0
BULK0539,0
BULK0540,2
BULK2684,0
BULK2708,0
BULK2741,0
BULK2771,50
BULK2772,50
BULK2799,0
BULK2809,50
BULK2810,23
BULK2811,16
BULK7253,0
BULK7273,0
BULK7291,0
BULK7322,0
BULK7323,50
BULK7324,39
BULKP2811,0
BULKPRO2744,0
BULKSAFE95004,8
BULKSAFE95005,32
BULKSAFE95007,0
BULKSAFE95017,10
BULKSAFE95022,3
BULKSAFE95023,4
BULKSAFE95044,10
BULKSAFE95051,5
BULKSAFE95053,20
BULKSAFE95080,4
BULKSAFE95088,9
BULKSAFE95089,9
BULKSAFE95097,24
BULKSAFE95098,46
BULKSAFE95148,26
BULKSAFE95175,0
BULKSAFE95319,8
BULKSAFE95320,0
BULKSAFE95576,0
BULKSAFE95580,0
BULKSAFE95581,0
BULKSAFE95582,0
BULKSAFE95590,47
P2661,0
P2664,0
P2668,0
P2667,0
P2673,0
P2684,7
P2694,0
P2695,0
P2707,0
P2708,0
P2709,0
P2710,0
P2741,9
P2742,0
P2743,0
P2748,0
P2767,12
P2768,0
P2769,0
P2770,0
P2771,0
P2783,0
P2784,9
P2785,0
P2786,0
P2809,9
P2810,1
P2811,0
P2812,10
P6251,0
P7263,0
PRO2746,0
PRO2757,0
PRO7226,1
PRO7263,0
PRO7269,0
PRO7270,0
PROP2744,0
PROP2746,0
SAFE95004,0
SAFE95005,0
SAFE95006,0
SAFE95007,0
SAFE95021,0
SAFE95022,0
SAFE95023,0
SAFE95080,0
SAFE95097,7
SAFE95098,6
SAFE95138,6
SAFE95148,13
SAFE95154,9
SAFE95175,0
SAFE95209,0
SAFE95534,29
SAFE95538,18
SAFE95539,48
SAFE95576,10
11JQS5VF00,50
11R9S0R800,4
11RXS00905,2
11T000F7SP,50
11T30030SP,50
11T4S5M700,1
12E30020IX,29
12E30059UK,35
30GL000HFR,1
10V50002SP,6
11T60009SP,3
11T9S02B00,1
11VF009YGE,3
12DT000SFR,50
12E4S0JF00,2
30HA001AGE,2
623T6ET#ABF,16
623T7ET#ABF,9
90N900CTFR,2
90SM008HGE,1
90UY003BGE,2
90VK0038GE,6
BOXNUC7CJYHN2,0
F0G40024GE,2
F0G500FHGE,9
30BA00LMGF,8
30BA00LPGF,6
30BA00LQGF,1
11RVS02701-CTO-02,1
10SUS2LG1G-02,1
11DGS0UW2C-02,8
11NA001NMT-02,1
11NBS0NW00-02,1
11T0005EMX-02,1
11T60009SP-02,1
11T9S02B00-02,1
11TY000DIX-02,1
30DES08E3B-02,33
30FBS1J200-02,2
30FNS40G00-02,2
5V8C7EA#UUW-02,1
90UU00AAGE-02,1
90VK0038GE-02,1
11VMS28U00-06,1
10G9001XMT-G,1
11DGS0UW2C-G,1
11JY000QGE-G,1
11K6S01F01-G,1
11R7S24400-G,1
11T0003GSP-G,1
11T3002UFR-G,1
11T3002USP-G,1
11T3005SMZ-G,2
11T4S0T200-G,1
11T4S24300-G,1
11T4S6GM00-G,2
11T7S38V00-G,1
11T8002SGE-G,1
11VF009YGE-G,1
11VL002FIX-G,1
11X2S06E00-G,3
12B00008IX-G,1
12B1001CFR-G,1
12E4S0JF00-G,1
30BE00HJUK-G,1
30BQS0AP00-G,1
30BX00G7MH-G,1
30DES0RC00-G,1
30E0001QIX-G,1
30E000GAUK-G,1
30E000GMMT-G,1
30E000RTGE-G,1
30E000S9MH-G,1
30E1SAFT00-G,1
30E1SD5000-G,1
30EF000GFR-G,1
30GA000LMT-G,1
30GKS09K00-G,1
90MV00JJUK-G,2
90N900CTFR-G,1
90NB00AYMH-G,1
90Q80069UK-G,2
90Q900AKMH-G,1
90RC01EQUK-G,2
90RC01EVMH-G,1
90RE00MNFR-G,2
90RE00N0GE-G,3
90RT005FFR-G,1
90RT00T5FR-G,1
90S20081MH-G,1
90S2008JIX-G,1
90SM00AGMH-G,1
90SM00AUFR-G,1
90SV00J7GE-G,1
90T1007AES-G,1
90UY002VUK-G,1
90UY006MMH-G,1
90V7005HUK-G,1
90V7006CGE-G,2
90VK0048UK-G,1
F0D8004SGE-G,6
F0DN0004UK-G,1
F0G40024GE-G,2
F0GQ0055GE-G,2
4F7P4EAR#ABD,2
624A2ETR#ABD,12
6B2A7EAR#ABH,25
788T7PCR#UUZ,1
7H747E8R#ABB,1
828S3ATR#ABD,1
9V859E8R#ABB,31
9X6W6E8R#ABE,5
11CD004NUK-S,1
30BQS02A00-S,1
90J0009LIX-S,1
90SV007NMH-S,1
90SV00HWGE-S,1
30BDS7R401-B,1
30E0003SMT-B,1
30E000CJFR-B,1
90GA0044BF-B,1
10BM-71673-08-A,1
10BV-73981-08-A,2
11A5-71819-08-A,5
7070-98269-08-A,1
8738-100696-08-A,1
9YX7-98655-08-A,1
9YX7-98840-08-A,1
XY14-74769-08-A,1
10AU-98227-08-B,4
10BM-71673-08-B,1
10BV-73981-08-B,1
1578-14946-08-B,1
2756-98226-08-B,1
760S-95183-08-B,1
AT48-98230-08-B,1
F5W1-95071-08-B,14
F5W1-95079-08-B,5
F5W1-95081-08-B,1
F5W1-95082-08-B,5
F5W1-95088-08-B,1
F5W1-95098-08-B,3
F5W1-95108-08-B,3
F5W1-95112-08-B,5
F5W1-95117-08-B,1
F5W1-95198-08-B,1
F5W1-95199-08-B,1
F5W1-95209-08-B,2
F5W1-95216-08-B,1
F5W1-95294-08-B,1
F5W1-95298-08-B,1
F6H3-91918-08-B,1
G1X5-96525-08-B,1
OPTI-86729-08-B,1
QV98-95179-08-B,1
XY10-95602-08-B,1
10BM-71673-08-C,1
10BV-73981-08-C,3
3167-90599-08-C,1
4480-95601-08-C,1
5485-81013-08-C,1
DC32-91023-08-C,1
F5W1-95297-08-C,1
OPTI-92584-08-C,1
OPTI-92585-08-C,1
OPTI-92587-08-C,1
OPTI-92590-08-C,1
18H24AA#ABB,50
20230,10
2200-87090-001,2
4M9Y0AA,4
4X20S56717,4
4X30M86887,1
4X61J52233,9
4X71B67861,1
4X71K53890,1
4XF1M24243,1
5C50W00902,10
5C50W00905,21
5M10U49992,1
5M11H62780,2
5N20X22925,6
77Y85AA,50
77Y87AA,50
77Y88AA,50
77Y90AA,50
77Z00AA,50
77Z30AA,50
PC0029A,8
100-99190000-60,3
14207-55,3
24189-989-999,2
25089-999-899,3
26599-999-999,50
6599-833-499,50
672647-063,6
7200-85830-101,0
7410-109,3
7599-842-199,50
7599-848-199,50
7710-309,9
Z9H48A6#ABS,50
0B47072,28
00PH133-02,50
00XH720,50
00XH727,40
GXY0K07130,1
4X71K53892,1
988913890,30
WDS500G1B0E,1
SM10M33111,3
00XL360-02,23
3TQ31AA-02,2
45K1637-02,1
4X30L79893-02,4
4X61E26088-02,1
4X61E26089-02,1
4X70S69156-02,1
4X70V98061-02,33
4X71N34264-02,2
4X71N34265-02,3
4XC1D66055-02,1
4XC1D66056-02,1
4XC1K97399-02,5
4XD0X88524-02,5
4XD1K97400-02,4
4XF0K29048-02,1
4XH0K92691-02,3
4Y41C33761-02,2
5C51D95675,8
5M30V06858-02,2
5V10Y65015-02,4
GX30M39616-02,2
GXC1D05522-02,2
1XD86AA-02,1
06P4069-02,25
4X30L79917-02,1
4X30M39469-02,1
45N8150-02,1
4X30L79887-02,2
4X70V98060-02,2
41U3074-02,1
4Y50R20863-02,2
4X70M60571-02,8
4XC1B34802-02,2
4X70R38787-02,1
4X71L68778-02,15
5M30Z71676-02,24
4XF0P01009-02,1
4XF0H41079,2
4XF0H41079-02,5
4XH0N23158-02,11
01AG618-08,1
16GBDDR4UDIMM-08,8
8GBDDR4UDIMM-08,50
T6T83AAR#ABD,1
899-50,27
MOBILEBOX-08,50
G398-70551-08-A,1
PRAL-98106-08-A,2
T506D-101128-08-A,1
XT19-101130-08-A,1
PRAL-98106-08-B,1
A320-70554-08-B,2
A515F-70559-08-B,1
SUDO2-99384-08-B,1
J510FN-05432-08-C,1
LX1A-98005-08-C,1
7D7QA02MEA,1
7X10A0EZEA,1
7Z73A06WEA,1
7Z73A07QEA,5
7X02A0F1EA-02,1
7X06A0JYEA-CTO-02,1
7Z73A06WEA-CTO-02,1
813193R-B21-08,2
813193R-B21-CTO-08,2
R330-CLH-08,1
3633-CTO-08,1
7X10CTO1WW-CTO1-08,1
7X10CTO1WW-CTO4-08,1
7X10CTO1WW-CTO8-08,2
7X10CTO1WW-CTO9-08,1
00WE103,48
00Y3011,8
01KP654,5
4F17A12349,17
4F17A14496,6
4F17A14497,25
4P57A75971,12
4P57A75972,9
4P57A75973,18
4X97A59793,8
4X97A59808,14
4X97A59810,18
4X97A59812,18
4X97A59817,16
4X97A59984,10
4X97A80413,21
4X97A80415,2
4XB7A17077,28
4XB7A64152,1
4XB7A82259,50
4XH7A08766,1
4XH7A09910,9
4XH7A61079,7
4XH7A61080,4
4Y37A09725,10
4Y37A09738,7
4Z57A39627,1
7M27A05699,4
7XH7A06254,4
7ZT7A00547,6
7ZT7A00549,2
672647-033,2
4Y37A09728,3
4Y37A09730,1
7Y37A01084,2
4XC7A08242,10
4Z11G77597,22
P00922-B21,10
00AM067,0
01CV760,7
7XB7A00026,4
4M17A13565,14
01AX792,8
MZQL23T8HCLS-00A07,0
4XB0F28692,1
7N47A00130,1
4B27A09322,17
4B27A60845,14
4B27A60846,18
00WE139-02,2
00YE423-02,3
01CV840-02,2
01KP654-02,2
01KP693-02,4
01PG406-02,1
01YX286-02,2
03KH683-02,1
40K5643-02,1
49Y1881-02,6
49Y7888-02,1
4X70M09261-02,1
4X71B67861-02,2
4X71B67862-02,1
4X77A08632-02,39
4X77A08634-02,9
4X77A77494-02,1
4X77A77495-02,1
4X77A88049-02,1
4X97A59730-02,1
4X97A59817-02,1
4XB7A13554-02,1
4XB7A17084-02,8
4Y37A79663-02,1
4ZC7A08707-02,1
4ZC7A08708-02,11
7159BAX-02,1
7N67A00886-02,6
7X22CTOLWW-02,1
7XH7A02677-02,2
7XH7A02678-02,3
7Y37A01084-02,3
7Y37A01088-02,1
GFM0412SS-02,3
L15418-501-02,1
345-BEFN-02,10
4Y37A72483-02,5
7ZT7A00497-CTO-02,3
P00922-B21-02,1
1754A1X-02,2
46W0790-02,6
SR2R6-02-IBM,3
7X77A01301-02,4
7X77A01304-02,1
00YD992-02,1
00FK936-02,2
SRFBM-02,3
SRKXN-02,1
SRMGE-02,1
4XB0K12354-02,1
00PH825-08,50
46W9130-08,1
667882-001-08,2
7N67A00882-08,1
817747-001-08,4
872452-001-08,50
SR3GJ-08,2
WD3200BEKT-08,3
44V4041-08,17
42D0510-08,1
39R7350-08,18
4XC0Q92823-08,12
44T2216-08,3
P09155R-B21,3
00HN537,4
00PC789,1
00UP172,1
01YU080,10
5D10R03188,1
T490/T495-FPR,8
00JT497-02,3
01AX737-08,14
D4NESO-2666-4G,1
6099SEU,1
00HT950-08,11
4Z57A16099,1
7Y37A01093,17
4XB7A17073,5
2076-5608-08,4
2076-5403-08,2
4XB7A14105-08,1
X422A-R5-08,6
81Y9878-08,33
100-562-964-08,3
